Time (s),Heat Flux (kW)
0,29
1,76
2,135
3,196
4,297
5,442
6,548
7,671
8,777
9,865
10,994
11,1100
12,1275
13,1455
14,1709
15,1867
16,2047
17,2168
18,2310
19,2462
20,2422
21,2628
22,2624
23,2617
24,2638
25,2550
26,2588
27,2518
28,2482
29,2402
30,2254
31,2093
32,1948
33,1729
34,1577
35,1495
36,1382
37,1344
38,1216
39,1138
40,1032
41,948
42,884
43,781
44,727
45,643
46,594
47,569
48,481
49,420
50,411
51,383
52,359
53,324
54,312
55,303
56,268
57,291
58,302
59,292
60,291
61,297
62,307
63,286
64,270
65,235
66,228
67,213
68,163
69,144
70,123
71,121
72,110
73,96
74,104
75,96
76,99
77,94
78,86
79,77
80,77
81,80
82,67
83,68
84,64
85,66
86,63
87,59
88,45
89,39
90,32
91,35
92,24
93,32
94,40
95,37
96,43
97,31
98,33
99,32
100,24
101,23
102,24
103,24
104,24
105,21
106,23
107,25
108,15
109,20
110,24
111,17
112,20
113,14
114,14
115,14
116,11
117,14
118,15
119,17
120,24
121,17
122,15
123,18
124,20
125,24
126,19
127,19
128,18
129,13
130,7
131,5
132,4
133,11
134,15
135,14
136,13
137,1
138,9
139,8
140,1
141,9
142,7
143,15
144,14
145,12
146,14
147,10
148,18
149,17
150,6
151,6
152,11
153,9
154,9
155,12
156,18
157,13
158,14
159,12
160,1
161,1
162,0
163,4
164,-3
165,-3
166,5
167,7
168,10
169,13
170,16
171,16
172,14
173,12
174,13
175,7
176,7
177,12
178,12
179,9
180,-1
,
,
,
