Time (s),Mass (g)
0,2194.8
1,2194.9
2,2195
3,2195
4,2194.8
5,2194.4
6,2194
7,2194
8,2194.2
9,2194.5
10,2194.6
11,2194.9
12,2195.4
13,2195.2
14,2194.6
15,2193.4
16,2192.6
17,2192.6
18,2192.6
19,2192.8
20,2192.9
21,2192.5
22,2192.1
23,2191.8
24,2191.6
25,2191.4
26,2191.4
27,2190.7
28,2190
29,2186.5
30,2181.7
31,2172.1
32,2163.1
33,2147.9
34,2128
35,2103.3
36,2063.8
37,2019.8
38,1971.6
39,1912.5
40,1859.3
41,1801.1
42,1746.5
43,1705.6
44,1668
45,1633.5
46,1594.3
47,1562.5
48,1525.7
49,1494.2
50,1467.4
51,1449.3
52,1432.9
53,1415.6
54,1400.5
55,1388.5
56,1378.6
57,1363.5
58,1346.9
59,1334
60,1320.6
61,1311
62,1298.1
63,1289.6
64,1281.9
65,1268.8
66,1253.9
67,1242
68,1228
69,1216
70,1208.7
71,1201.8
72,1191
73,1185.2
74,1181.5
75,1171.8
76,1167.3
77,1166.3
78,1158.3
79,1155.4
80,1143.7
81,1135.8
82,1125.7
83,1125
84,1118.1
85,1114
86,1108
87,1107.9
88,1106
89,1099.6
90,1091.5
91,1091.9
92,1092.3
93,1090.9
94,1088.5
95,1090.8
96,1091.5
97,1089.6
98,1086.9
99,1083
100,1081
101,1076.1
102,1073.4
103,1072.4
104,1071.9
105,1073.3
106,1066.9
107,1062.7
108,1055.9
109,1063.2
110,1066.1
111,1069
112,1064.3
113,1063.6
114,1060.2
115,1051
116,1045.1
117,1045
118,1044.8
119,1047.4
120,1046.7
121,1054.4
122,1059.2
123,1066.3
124,1059.9
125,1055.8
126,1049.3
127,1042.2
128,1053.4
129,1051.8
130,1051.5
131,1053.2
132,1051.3
133,1048.5
134,1049.6
135,1050.6
136,1046
137,1042.2
138,1044.5
139,1048.1
140,1047.9
141,1049.3
142,1047.8
143,1040.1
144,1042.1
145,1046.8
146,1043.3
147,1044.9
148,1044.9
149,1048.3
150,1047.6
151,1048.5
152,1046.1
153,1045.5
154,1047.4
155,1038.1
156,1037.7
157,1040.3
158,1042.8
159,1045.9
160,1042.6
161,1046.7
162,1046.3
163,1052.9
