Time (s),Heat Flux (kW/m2) - 2.5 m
0,0.00418
1,0.00209
2,0.018048
3,0.034007
4,0.041416
5,0.051295
6,0.055855
7,0.051865
8,0.054145
9,0.059084
10,0.060794
11,0.060794
12,0.062504
13,0.065164
14,0.071813
15,0.075233
16,0.064784
17,0.069153
18,0.063834
19,0.076753
20,0.069913
21,0.077702
22,0.073523
23,0.093851
24,0.157305
25,0.277183
26,0.425558
27,0.539927
28,0.727629
29,0.680894
30,0.82414
31,1.042998
32,1.33177
33,1.399214
34,1.620922
35,1.774237
36,2.173388
37,2.336772
38,2.525804
39,2.693557
40,2.710086
41,3.091568
42,3.186559
43,3.427836
44,3.757834
45,4.013359
46,4.024188
47,4.052875
48,4.215499
49,4.222908
50,4.071113
51,3.397249
52,2.863591
53,2.470329
54,2.198086
55,2.007154
56,1.824582
57,1.608003
58,1.476726
59,1.386865
60,1.290734
61,1.23127
62,1.166296
63,1.12659
64,1.245519
65,1.357038
66,1.155657
67,0.993413
68,0.897852
69,0.82338
70,0.773225
71,0.72117
72,0.683173
73,0.644987
74,0.609651
75,0.588183
76,0.587233
77,0.572034
78,0.549426
79,0.525869
80,0.51523
81,0.488062
82,0.466974
83,0.465455
84,0.451966
85,0.429548
86,0.421569
87,0.427078
88,0.417389
89,0.384522
90,0.389652
91,0.374074
92,0.377683
93,0.361915
94,0.349376
95,0.355075
96,0.351656
97,0.348046
98,0.334177
99,0.326008
100,0.316509
101,0.315559
102,0.30397
103,0.30986
104,0.283642
105,0.299411
106,0.288582
107,0.284782
108,0.289152
109,0.279273
110,0.268064
111,0.264074
112,0.257045
113,0.264834
114,0.257615
115,0.265784
116,0.246596
117,0.246786
118,0.245456
119,0.240327
120,0.252865
121,0.245646
122,0.236147
123,0.235197
124,0.238617
125,0.232537
126,0.224558
127,0.230638
128,0.222468
129,0.216389
130,0.212019
131,0.20917
132,0.192261
133,0.20157
134,0.20575
135,0.20651
136,0.20271
137,0.20119
138,0.195301
139,0.187132
140,0.187892
141,0.191121
142,0.193971
143,0.193401
144,0.183522
145,0.178393
146,0.181052
147,0.170033
148,0.173453
149,0.162054
150,0.161864
151,0.171743
152,0.172693
153,0.162434
154,0.157115
155,0.150655
156,0.158445
157,0.155975
158,0.135267
159,0.142486
160,0.148186
161,0.139256
162,0.141536
163,0.152175
164,0.145146
165,0.139826
166,0.138117
167,0.147806
168,0.117789
169,0.122918
170,0.125578
171,0.119878
172,0.138496
173,0.10658
174,0.111899
175,0.125578
176,0.130137
177,0.125008
178,0.122348
179,0.119688
180,0.10696
181,0.112849
182,0.09784
183,0.090051
184,0.088721
185,0.108859
186,0.121968
187,0.10221
188,0.112469
189,0.114559
190,0.110759
191,0.108859
192,0.10088
193,0.10582
194,0.089101
195,0.097271
196,0.092901
197,0.10677
198,0.108289
199,0.091571
200,0.096131
201,0.090621
